film_name,film_year,film_rate,link,poster
Interstellar,2014,4.44,https://letterboxd.com/film/interstellar/,https://a.ltrbxd.com/resized/film-poster/1/1/7/6/2/1/117621-interstellar-0-70-0-105-crop.jpg?v=7ad89e6666
Parasite,2019,4.53,https://letterboxd.com/film/parasite-2019/,https://a.ltrbxd.com/resized/film-poster/4/2/6/4/0/6/426406-parasite-0-70-0-105-crop.jpg?v=8f5653f710
Fight Club,1999,4.27,https://letterboxd.com/film/fight-club/,https://a.ltrbxd.com/resized/film-poster/5/1/5/6/8/51568-fight-club-0-70-0-105-crop.jpg?v=768b32dfa4
Barbie,2023,3.71,https://letterboxd.com/film/barbie/,https://a.ltrbxd.com/resized/film-poster/2/7/7/0/6/4/277064-barbie-0-70-0-105-crop.jpg?v=1b83dc7a71
La La Land,2016,4.12,https://letterboxd.com/film/la-la-land/,https://a.ltrbxd.com/resized/film-poster/2/4/0/3/4/4/240344-la-la-land-0-70-0-105-crop.jpg?v=053670ff84
Sinners,2025,4.10,https://letterboxd.com/film/sinners-2025/,https://a.ltrbxd.com/resized/film-poster/1/1/1/6/6/0/0/1116600-sinners-2025-0-70-0-105-crop.jpg?v=5996b7d555
Whiplash,2014,4.42,https://letterboxd.com/film/whiplash-2014/,https://a.ltrbxd.com/resized/sm/upload/cl/dn/kr/f1/4C9LHDxMsoYI0S3iMPZdm3Oevwo-0-70-0-105-crop.jpg?v=d13ea36528
Everything Everywhere All at Once,2022,4.25,https://letterboxd.com/film/everything-everywhere-all-at-once/,https://a.ltrbxd.com/resized/film-poster/4/7/4/4/7/4/474474-everything-everywhere-all-at-once-0-70-0-105-crop.jpg?v=281f1a041e
The Truman Show,1998,4.22,https://letterboxd.com/film/the-truman-show/,https://a.ltrbxd.com/resized/sm/upload/xx/io/jp/45/the-truman-show-0-70-0-105-crop.jpg?v=704ba393f7
Pulp Fiction,1994,4.24,https://letterboxd.com/film/pulp-fiction/,https://a.ltrbxd.com/resized/film-poster/5/1/4/4/4/51444-pulp-fiction-0-70-0-105-crop.jpg?v=dee19a8077
Oppenheimer,2023,4.17,https://letterboxd.com/film/oppenheimer-2023/,https://s.ltrbxd.com/static/img/empty-poster-70-BSf-Pjrh.png
Dead Poets Society,1989,4.34,https://letterboxd.com/film/dead-poets-society/,https://s.ltrbxd.com/static/img/empty-poster-70-BSf-Pjrh.png
The Substance,2024,3.74,https://letterboxd.com/film/the-substance/,https://a.ltrbxd.com/resized/film-poster/8/3/8/1/4/0/838140-the-substance-0-70-0-105-crop.jpg?v=ab9e1072f8
Eternal Sunshine of the Spotless Mind,2004,4.24,https://letterboxd.com/film/eternal-sunshine-of-the-spotless-mind/,https://a.ltrbxd.com/resized/sm/upload/ay/bp/kl/1y/uBfQ7IGpi0jXSP3GPCzp9Pzm10v-0-70-0-105-crop.jpg?v=116621c401
Get Out,2017,4.14,https://letterboxd.com/film/get-out-2017/,https://a.ltrbxd.com/resized/film-poster/3/5/3/1/1/7/353117-get-out-0-70-0-105-crop.jpg?v=136acec030
Spider-Man: Into the Spider-Verse,2018,4.40,https://letterboxd.com/film/spider-man-into-the-spider-verse/,https://a.ltrbxd.com/resized/film-poster/2/5/1/9/4/3/251943-spider-man-into-the-spider-verse-0-70-0-105-crop.jpg?v=538fe0ada6
Dune,2021,3.88,https://letterboxd.com/film/dune-2021/,https://a.ltrbxd.com/resized/sm/upload/nx/8b/vs/gc/cDbNAY0KM84cxXhmj8f0dLWza3t-0-70-0-105-crop.jpg?v=49eed12751
Joker,2019,3.84,https://letterboxd.com/film/joker-2019/,https://a.ltrbxd.com/resized/film-poster/4/0/6/7/7/5/406775-joker-0-70-0-105-crop.jpg?v=e4ea7f98cc
The Dark Knight,2008,4.49,https://letterboxd.com/film/the-dark-knight/,https://a.ltrbxd.com/resized/sm/upload/78/y5/zg/ej/oefdD26aey8GPdx7Rm45PNncJdU-0-70-0-105-crop.jpg?v=2d0ce4be25
10 Things I Hate About You,1999,4.05,https://letterboxd.com/film/10-things-i-hate-about-you/,https://a.ltrbxd.com/resized/film-poster/4/9/0/4/7/49047-10-things-i-hate-about-you-0-70-0-105-crop.jpg?v=55ccac3542
Midsommar,2019,3.75,https://letterboxd.com/film/midsommar/,https://a.ltrbxd.com/resized/film-poster/4/5/9/5/6/4/459564-midsommar-0-70-0-105-crop.jpg?v=ed7b8ded1f
Inception,2010,4.23,https://letterboxd.com/film/inception/,https://a.ltrbxd.com/resized/sm/upload/sv/95/s9/4j/inception-0-70-0-105-crop.jpg?v=30d7224316
Knives Out,2019,3.96,https://letterboxd.com/film/knives-out-2019/,https://s.ltrbxd.com/static/img/empty-poster-70-BSf-Pjrh.png
The Batman,2022,4.02,https://letterboxd.com/film/the-batman/,https://s.ltrbxd.com/static/img/empty-poster-70-BSf-Pjrh.png
American Psycho,2000,3.78,https://letterboxd.com/film/american-psycho/,https://a.ltrbxd.com/resized/sm/upload/5b/u9/av/il/ecoY7zJL6Ub3URP1oPhPfGflEjV-0-70-0-105-crop.jpg?v=8126850315
The Wolf of Wall Street,2013,3.99,https://letterboxd.com/film/the-wolf-of-wall-street/,https://a.ltrbxd.com/resized/film-poster/8/6/1/1/4/86114-the-wolf-of-wall-street-0-70-0-105-crop.jpg?v=a2b958b6f1
Spirited Away,2001,4.44,https://letterboxd.com/film/spirited-away/,https://a.ltrbxd.com/resized/film-poster/5/1/9/2/1/51921-spirited-away-0-70-0-105-crop.jpg?v=a3ad463c55
Dune: Part Two,2024,4.38,https://letterboxd.com/film/dune-part-two/,https://a.ltrbxd.com/resized/film-poster/6/1/7/4/4/3/617443-dune-part-two-0-70-0-105-crop.jpg?v=cc533700f8
Superman,2025,3.84,https://letterboxd.com/film/superman-2025/,https://a.ltrbxd.com/resized/film-poster/9/5/7/0/5/0/957050-superman-2025-0-70-0-105-crop.jpg?v=54e41a55ff
Spider-Man: Across the Spider-Verse,2023,4.41,https://letterboxd.com/film/spider-man-across-the-spider-verse/,https://a.ltrbxd.com/resized/film-poster/4/9/7/6/3/1/497631-spider-man-across-the-spider-verse-0-70-0-105-crop.jpg?v=f2acbf1b8a
Se7en,1995,4.37,https://letterboxd.com/film/se7en/,https://a.ltrbxd.com/resized/film-poster/5/1/3/4/5/51345-se7en-0-70-0-105-crop.jpg?v=76a14ef6b4
Black Swan,2010,4.17,https://letterboxd.com/film/black-swan/,https://a.ltrbxd.com/resized/sm/upload/yt/ae/iz/kj/bIjkE9Og0nulRycj144sCcQcsZ6-0-70-0-105-crop.jpg?v=a571e4c644
Forrest Gump,1994,4.17,https://letterboxd.com/film/forrest-gump/,https://a.ltrbxd.com/resized/film-poster/2/7/0/4/2704-forrest-gump-0-70-0-105-crop.jpg?v=173bc04cf0
Good Will Hunting,1997,4.37,https://letterboxd.com/film/good-will-hunting/,https://a.ltrbxd.com/resized/film-poster/5/1/6/2/1/51621-good-will-hunting-0-70-0-105-crop.jpg?v=acb4766abd
The Grand Budapest Hotel,2014,4.24,https://letterboxd.com/film/the-grand-budapest-hotel/,https://s.ltrbxd.com/static/img/empty-poster-70-BSf-Pjrh.png
Inglourious Basterds,2009,4.36,https://letterboxd.com/film/inglourious-basterds/,https://s.ltrbxd.com/static/img/empty-poster-70-BSf-Pjrh.png
Challengers,2024,3.84,https://letterboxd.com/film/challengers/,https://a.ltrbxd.com/resized/film-poster/8/4/2/3/0/1/842301-challengers-0-70-0-105-crop.jpg?v=a7cd63cbef
Kill Bill: Vol. 1,2003,4.21,https://letterboxd.com/film/kill-bill-vol-1/,https://a.ltrbxd.com/resized/sm/upload/sw/w2/ep/v4/9O50TVszkz0dcP5g6Ej33UhR7vw-0-70-0-105-crop.jpg?v=5a65f5202f
Saltburn,2023,3.37,https://letterboxd.com/film/saltburn/,https://a.ltrbxd.com/resized/film-poster/8/3/5/7/7/4/835774-saltburn-0-70-0-105-crop.jpg?v=b58cbd3b08
The Shining,1980,4.22,https://letterboxd.com/film/the-shining/,https://a.ltrbxd.com/resized/sm/upload/7s/m2/bw/d0/caoYMcjUamGoBVy65i1AHJBvdzw-0-70-0-105-crop.jpg?v=88d9d6cce4
The Perks of Being a Wallflower,2012,4.01,https://letterboxd.com/film/the-perks-of-being-a-wallflower/,https://a.ltrbxd.com/resized/film-poster/7/1/3/3/8/71338-the-perks-of-being-a-wallflower-0-70-0-105-crop.jpg?v=f2235860f7
Nosferatu,2024,3.67,https://letterboxd.com/film/nosferatu-2024/,https://a.ltrbxd.com/resized/film-poster/3/5/9/5/0/5/359505-nosferatu-2024-0-70-0-105-crop.jpg?v=a12d4ad648
Lady Bird,2017,3.83,https://letterboxd.com/film/lady-bird/,https://a.ltrbxd.com/resized/film-poster/3/2/6/2/7/9/326279-lady-bird-0-70-0-105-crop.jpg?v=754ff28eb4
The Silence of the Lambs,1991,4.34,https://letterboxd.com/film/the-silence-of-the-lambs/,https://a.ltrbxd.com/resized/film-poster/5/1/7/8/2/51782-the-silence-of-the-lambs-0-70-0-105-crop.jpg?v=18d88bdff4
(500) Days of Summer,2009,3.66,https://letterboxd.com/film/500-days-of-summer/,https://a.ltrbxd.com/resized/film-poster/3/9/3/5/0/39350--500-days-of-summer-0-70-0-105-crop.jpg?v=05995ae0b3
Poor Things,2023,3.94,https://letterboxd.com/film/poor-things-2023/,https://a.ltrbxd.com/resized/film-poster/7/1/0/3/5/2/710352-poor-things-0-70-0-105-crop.jpg?v=a0f2ee9a0e
Call Me by Your Name,2017,3.85,https://letterboxd.com/film/call-me-by-your-name/,https://s.ltrbxd.com/static/img/empty-poster-70-BSf-Pjrh.png
Little Women,2019,4.18,https://letterboxd.com/film/little-women-2019/,https://s.ltrbxd.com/static/img/empty-poster-70-BSf-Pjrh.png
Weapons,2025,3.62,https://letterboxd.com/film/weapons-2025/,https://a.ltrbxd.com/resized/film-poster/9/7/2/1/0/9/972109-weapons-2025-0-70-0-105-crop.jpg?v=8100270337
Shutter Island,2010,4.17,https://letterboxd.com/film/shutter-island/,https://a.ltrbxd.com/resized/film-poster/4/5/4/0/9/45409-shutter-island-0-70-0-105-crop.jpg?v=85dd4c38e3
Gone Girl,2014,4.07,https://letterboxd.com/film/gone-girl/,https://a.ltrbxd.com/resized/film-poster/1/4/9/8/5/7/149857-gone-girl-0-70-0-105-crop.jpg?v=dfe3c8018b
The Godfather,1972,4.52,https://letterboxd.com/film/the-godfather/,https://a.ltrbxd.com/resized/film-poster/5/1/8/1/8/51818-the-godfather-0-70-0-105-crop.jpg?v=bca8b67402
The Menu,2022,3.52,https://letterboxd.com/film/the-menu-2022/,https://a.ltrbxd.com/resized/film-poster/5/2/1/3/2/3/521323-the-menu-0-70-0-105-crop.jpg?v=d00a0d03a8
Wicked,2024,3.79,https://letterboxd.com/film/wicked-2024/,https://a.ltrbxd.com/resized/film-poster/3/3/7/0/3/6/337036-wicked-2024-0-70-0-105-crop.jpg?v=c519c37ff7
Once Upon a Time... in Hollywood,2019,3.77,https://letterboxd.com/film/once-upon-a-time-in-hollywood/,https://a.ltrbxd.com/resized/film-poster/3/9/7/8/5/9/397859-once-upon-a-time-in-hollywood-0-70-0-105-crop.jpg?v=f3e8612854
Fantastic Mr. Fox,2009,4.30,https://letterboxd.com/film/fantastic-mr-fox/,https://a.ltrbxd.com/resized/film-poster/4/6/3/4/4/46344-fantastic-mr-fox-0-70-0-105-crop.jpg?v=3a2a858065
Anora,2024,3.80,https://letterboxd.com/film/anora/,https://a.ltrbxd.com/resized/film-poster/9/5/9/5/4/0/959540-anora-0-70-0-105-crop.jpg?v=6f92877033
Ratatouille,2007,4.23,https://letterboxd.com/film/ratatouille/,https://a.ltrbxd.com/resized/sm/upload/n8/rl/pc/se/jEiEU8viSb8CIIHcfprVr2V6XDz-0-70-0-105-crop.jpg?v=25e13045f0
Spider-Man: No Way Home,2021,3.83,https://letterboxd.com/film/spider-man-no-way-home/,https://s.ltrbxd.com/static/img/empty-poster-70-BSf-Pjrh.png
Frankenstein,2025,3.84,https://letterboxd.com/film/frankenstein-2025/,https://s.ltrbxd.com/static/img/empty-poster-70-BSf-Pjrh.png
Marty Supreme,2025,4.16,https://letterboxd.com/film/marty-supreme/,https://a.ltrbxd.com/resized/film-poster/1/1/9/7/4/9/9/1197499-marty-supreme-0-70-0-105-crop.jpg?v=b14a26bb43
Django Unchained,2012,4.33,https://letterboxd.com/film/django-unchained/,https://a.ltrbxd.com/resized/film-poster/5/2/5/1/6/52516-django-unchained-0-70-0-105-crop.jpg?v=f02aed63a3
One Battle After Another,2025,4.19,https://letterboxd.com/film/one-battle-after-another/,https://a.ltrbxd.com/resized/film-poster/9/5/1/2/7/7/951277-one-battle-after-another-0-70-0-105-crop.jpg?v=d27c4cc662
Avengers: Infinity War,2018,4.03,https://letterboxd.com/film/avengers-infinity-war/,https://a.ltrbxd.com/resized/film-poster/2/2/6/6/6/1/226661-avengers-infinity-war-0-70-0-105-crop.jpg?v=8b35f60c0c
Avengers: Endgame,2019,3.95,https://letterboxd.com/film/avengers-endgame/,https://a.ltrbxd.com/resized/film-poster/2/2/6/6/6/0/226660-avengers-endgame-0-70-0-105-crop.jpg?v=d4006bfd5e
The Shawshank Redemption,1994,4.58,https://letterboxd.com/film/the-shawshank-redemption/,https://a.ltrbxd.com/resized/sm/upload/7l/hn/46/uz/zGINvGjdlO6TJRu9wESQvWlOKVT-0-70-0-105-crop.jpg?v=8736d1c395
The Lord of the Rings: The Fellowship of the Ring,2001,4.39,https://letterboxd.com/film/the-lord-of-the-rings-the-fellowship-of-the-ring/,https://a.ltrbxd.com/resized/sm/upload/3t/vq/0u/m6/1tX9ZlgVvWjAQhMs1vAfsYpi7VK-0-70-0-105-crop.jpg?v=30bbb824e1
Mean Girls,2004,3.82,https://letterboxd.com/film/mean-girls/,https://a.ltrbxd.com/resized/film-poster/4/6/0/4/9/46049-mean-girls-0-70-0-105-crop.jpg?v=e6378abb7b
The Matrix,1999,4.18,https://letterboxd.com/film/the-matrix/,https://a.ltrbxd.com/resized/film-poster/5/1/5/1/8/51518-the-matrix-0-70-0-105-crop.jpg?v=fc7c366afe
Baby Driver,2017,3.70,https://letterboxd.com/film/baby-driver/,https://a.ltrbxd.com/resized/film-poster/2/6/8/9/5/0/268950-baby-driver-0-70-0-105-crop.jpg?v=61304ddfc8
Taxi Driver,1976,4.11,https://letterboxd.com/film/taxi-driver/,https://s.ltrbxd.com/static/img/empty-poster-70-BSf-Pjrh.png
Coraline,2009,4.19,https://letterboxd.com/film/coraline/,https://s.ltrbxd.com/static/img/empty-poster-70-BSf-Pjrh.png
Titanic,1997,3.83,https://letterboxd.com/film/titanic-1997/,https://a.ltrbxd.com/resized/film-poster/5/1/5/2/4/51524-titanic-0-70-0-105-crop.jpg?v=7517ea94ce
Hereditary,2018,3.93,https://letterboxd.com/film/hereditary/,https://a.ltrbxd.com/resized/film-poster/4/2/4/3/4/8/424348-hereditary-0-70-0-105-crop.jpg?v=470e48b681
Deadpool & Wolverine,2024,3.44,https://letterboxd.com/film/deadpool-wolverine/,https://a.ltrbxd.com/resized/film-poster/4/6/2/8/7/0/462870-deadpool-wolverine-0-70-0-105-crop.jpg?v=1aa778d2c6
Mickey 17,2025,3.56,https://letterboxd.com/film/mickey-17/,https://a.ltrbxd.com/resized/film-poster/6/2/0/2/8/1/620281-mickey-17-0-70-0-105-crop.jpg?v=93e4d2af6d
Donnie Darko,2001,3.97,https://letterboxd.com/film/donnie-darko/,https://a.ltrbxd.com/resized/sm/upload/ye/jq/f3/22/nmb4QhCRmdfNP6rgb81yUFgI83l-0-70-0-105-crop.jpg?v=caa3999c6f
The Devil Wears Prada,2006,3.83,https://letterboxd.com/film/the-devil-wears-prada/,https://a.ltrbxd.com/resized/film-poster/5/1/7/1/2/51712-the-devil-wears-prada-0-70-0-105-crop.jpg?v=65a9cdb330
Scott Pilgrim vs. the World,2010,3.88,https://letterboxd.com/film/scott-pilgrim-vs-the-world/,https://a.ltrbxd.com/resized/sm/upload/vs/75/02/fx/2B5zjs5E3xerqAyowpw3QcOCyLq-0-70-0-105-crop.jpg?v=3aef2095df
The Hunger Games,2012,3.79,https://letterboxd.com/film/the-hunger-games/,https://a.ltrbxd.com/resized/sm/upload/x3/tw/wu/z4/vAkjFEm76Lu5hSevquxPgQ91OtI-0-70-0-105-crop.jpg?v=f4bfaf16df
Glass Onion,2022,3.38,https://letterboxd.com/film/glass-onion/,https://a.ltrbxd.com/resized/film-poster/5/8/6/7/2/3/586723-glass-onion-0-70-0-105-crop.jpg?v=9c6cce161b
Little Miss Sunshine,2006,4.21,https://letterboxd.com/film/little-miss-sunshine/,https://a.ltrbxd.com/resized/sm/upload/h6/xm/om/q7/dOeM4R55TsAFBXCPNIDDMiJkePr-0-70-0-105-crop.jpg?v=09383296c6
The Social Network,2010,3.93,https://letterboxd.com/film/the-social-network/,https://s.ltrbxd.com/static/img/empty-poster-70-BSf-Pjrh.png
Inside Out 2,2024,3.55,https://letterboxd.com/film/inside-out-2-2024/,https://s.ltrbxd.com/static/img/empty-poster-70-BSf-Pjrh.png
Harry Potter and the Prisoner of Azkaban,2004,4.14,https://letterboxd.com/film/harry-potter-and-the-prisoner-of-azkaban/,https://a.ltrbxd.com/resized/sm/upload/a3/0q/kf/h8/jUFjMoLh8T2CWzHUSjKCojI5SHu-0-70-0-105-crop.jpg?v=6285ee260e
The Notebook,2004,3.86,https://letterboxd.com/film/the-notebook/,https://a.ltrbxd.com/resized/film-poster/4/5/6/6/7/45667-the-notebook-0-70-0-105-crop.jpg?v=d867e84f30
Her,2013,3.97,https://letterboxd.com/film/her/,https://a.ltrbxd.com/resized/sm/upload/au/nb/i6/lq/fsoTLnUXEUTNuVCBxAJMY0HPPd-0-70-0-105-crop.jpg?v=16789732be
Harry Potter and the Philosopher's Stone,2001,3.82,https://letterboxd.com/film/harry-potter-and-the-philosophers-stone/,https://a.ltrbxd.com/resized/sm/upload/5t/cj/6w/6e/harrypotter2-0-70-0-105-crop.jpg?v=0053b4ed93
Inside Out,2015,3.83,https://letterboxd.com/film/inside-out-2015/,https://a.ltrbxd.com/resized/film-poster/1/1/3/2/8/4/113284-inside-out-0-70-0-105-crop.jpg?v=de03b9b6ef
Coco,2017,4.13,https://letterboxd.com/film/coco-2017/,https://a.ltrbxd.com/resized/sm/upload/3p/mh/wq/v9/6Ryitt95xrO8KXuqRGm1fUuNwqF-0-70-0-105-crop.jpg?v=2a90bd6512
Back to the Future,1985,4.21,https://letterboxd.com/film/back-to-the-future/,https://a.ltrbxd.com/resized/film-poster/5/1/9/4/5/51945-back-to-the-future-0-70-0-105-crop.jpg?v=b818c8ce28
Howl's Moving Castle,2004,4.36,https://letterboxd.com/film/howls-moving-castle/,https://a.ltrbxd.com/resized/film-poster/4/9/0/6/2/49062-howl-s-moving-castle-0-70-0-105-crop.jpg?v=fde81bda52
Arrival,2016,4.14,https://letterboxd.com/film/arrival-2016/,https://a.ltrbxd.com/resized/sm/upload/3u/dy/qd/qd/4Iu5f2nv7huqvuYkmZvSPOtbFjs-0-70-0-105-crop.jpg?v=0fc28fdf2c
Avatar,2009,3.73,https://letterboxd.com/film/avatar/,https://a.ltrbxd.com/resized/sm/upload/1p/mh/li/l2/b7nR3eKeTOwHPKmDLUWunIGasKo-0-70-0-105-crop.jpg?v=0bb5ec98ec
Pride & Prejudice,2005,4.14,https://letterboxd.com/film/pride-prejudice/,https://s.ltrbxd.com/static/img/empty-poster-70-BSf-Pjrh.png
Guardians of the Galaxy,2014,3.82,https://letterboxd.com/film/guardians-of-the-galaxy/,https://s.ltrbxd.com/static/img/empty-poster-70-BSf-Pjrh.png
Pearl,2022,3.70,https://letterboxd.com/film/pearl-2022/,https://a.ltrbxd.com/resized/film-poster/8/5/3/8/2/2/853822-pearl-0-70-0-105-crop.jpg?v=471dfc4a24
Wake Up Dead Man,2025,3.78,https://letterboxd.com/film/wake-up-dead-man/,https://a.ltrbxd.com/resized/film-poster/7/2/9/1/1/3/729113-wake-up-dead-man-0-70-0-105-crop.jpg?v=85f3366617
Past Lives,2023,4.16,https://letterboxd.com/film/past-lives/,https://a.ltrbxd.com/resized/film-poster/5/9/1/0/5/3/591053-past-lives-0-70-0-105-crop.jpg?v=c600b7854e
GoodFellas,1990,4.46,https://letterboxd.com/film/goodfellas/,https://a.ltrbxd.com/resized/film-poster/5/1/3/8/3/51383-goodfellas-0-70-0-105-crop.jpg?v=c6c265f228
Up,2009,4.10,https://letterboxd.com/film/up/,https://a.ltrbxd.com/resized/film-poster/4/3/3/0/2/43302-up-0-70-0-105-crop.jpg?v=eac6a19a4c
Home Alone,1990,3.85,https://letterboxd.com/film/home-alone/,https://a.ltrbxd.com/resized/sm/upload/e6/mn/oi/ky/8IWPBT1rkAaI8Kpk5V3WfQRklJ7-0-70-0-105-crop.jpg?v=cb22d36a0e
Conclave,2024,3.92,https://letterboxd.com/film/conclave/,https://a.ltrbxd.com/resized/film-poster/8/7/7/2/5/3/877253-conclave-0-70-0-105-crop.jpg?v=f9cbf50dec
Avatar: The Way of Water,2022,3.63,https://letterboxd.com/film/avatar-the-way-of-water/,https://a.ltrbxd.com/resized/film-poster/6/3/0/5/8/63058-avatar-the-way-of-water-0-70-0-105-crop.jpg?v=cc3269e69d
Aftersun,2022,4.21,https://letterboxd.com/film/aftersun/,https://a.ltrbxd.com/resized/film-poster/8/6/8/5/5/8/868558-aftersun-0-70-0-105-crop.jpg?v=5ce2118fca
Blade Runner 2049,2017,4.10,https://letterboxd.com/film/blade-runner-2049/,https://a.ltrbxd.com/resized/film-poster/2/6/5/4/3/9/265439-blade-runner-2049-0-70-0-105-crop.jpg?v=86735e0bb8
Star Wars,1977,4.16,https://letterboxd.com/film/star-wars/,https://s.ltrbxd.com/static/img/empty-poster-70-BSf-Pjrh.png
It,2017,3.45,https://letterboxd.com/film/it-2017/,https://s.ltrbxd.com/static/img/empty-poster-70-BSf-Pjrh.png
Jojo Rabbit,2019,4.04,https://letterboxd.com/film/jojo-rabbit/,https://a.ltrbxd.com/resized/film-poster/4/4/4/6/0/0/444600-jojo-rabbit-0-70-0-105-crop.jpg?v=a5ad083635
The Fantastic 4: First Steps,2025,3.36,https://letterboxd.com/film/the-fantastic-4-first-steps/,https://a.ltrbxd.com/resized/film-poster/5/4/3/9/6/7/543967-the-fantastic-four-first-steps-0-70-0-105-crop.jpg?v=ab7c919b04
Scream,1996,4.02,https://letterboxd.com/film/scream/,https://a.ltrbxd.com/resized/film-poster/4/9/4/5/5/49455-scream-0-70-0-105-crop.jpg?v=8bb3c66a30
No Country for Old Men,2007,4.31,https://letterboxd.com/film/no-country-for-old-men/,https://a.ltrbxd.com/resized/sm/upload/dr/hr/pz/ez/ehLb2SQ3djlA1FrQKbP2WO3VH09-0-70-0-105-crop.jpg?v=6489920a92
Prisoners,2013,4.32,https://letterboxd.com/film/prisoners/,https://a.ltrbxd.com/resized/sm/upload/iw/eg/4g/nm/3w79tTsv6tmlT8Jww6snyPrgVok-0-70-0-105-crop.jpg?v=778c7ae8b8
Black Panther,2018,3.69,https://letterboxd.com/film/black-panther/,https://a.ltrbxd.com/resized/film-poster/2/0/9/3/8/3/209383-black-panther-0-70-0-105-crop.jpg?v=d6e7e2c7a4
WALL·E,2008,4.23,https://letterboxd.com/film/walle/,https://a.ltrbxd.com/resized/film-poster/4/5/9/9/4/45994-walle-0-70-0-105-crop.jpg?v=ad27f0ceac
Catch Me If You Can,2002,4.05,https://letterboxd.com/film/catch-me-if-you-can-2002/,https://a.ltrbxd.com/resized/film-poster/5/1/4/8/4/51484-catch-me-if-you-can-0-70-0-105-crop.jpg?v=942d676423
Shrek,2001,4.12,https://letterboxd.com/film/shrek/,https://a.ltrbxd.com/resized/film-poster/5/1/3/4/4/51344-shrek-0-70-0-105-crop.jpg?v=cd09df2c75
Nope,2022,3.67,https://letterboxd.com/film/nope/,https://a.ltrbxd.com/resized/film-poster/6/8/2/5/4/7/682547-nope-0-70-0-105-crop.jpg?v=d6a6158cc3
Deadpool,2016,3.69,https://letterboxd.com/film/deadpool/,https://s.ltrbxd.com/static/img/empty-poster-70-BSf-Pjrh.png
Us,2019,3.64,https://letterboxd.com/film/us-2019/,https://s.ltrbxd.com/static/img/empty-poster-70-BSf-Pjrh.png
Memento,2000,4.18,https://letterboxd.com/film/memento/,https://a.ltrbxd.com/resized/sm/upload/v1/3q/s4/aa/memento-0-70-0-105-crop.jpg?v=80f0732247
Soul,2020,3.93,https://letterboxd.com/film/soul-2020/,https://a.ltrbxd.com/resized/film-poster/4/3/8/5/1/1/438511-soul-0-70-0-105-crop.jpg?v=8d0b74f9a8
How to Lose a Guy in 10 Days,2003,3.78,https://letterboxd.com/film/how-to-lose-a-guy-in-10-days/,https://a.ltrbxd.com/resized/sm/upload/t0/2v/iy/9c/aiB7u6xZ9RWeDTQ7c92J8AoiHj3-0-70-0-105-crop.jpg?v=422ef264f8
Spider-Man: Homecoming,2017,3.48,https://letterboxd.com/film/spider-man-homecoming/,https://a.ltrbxd.com/resized/film-poster/2/4/2/7/1/0/242710-spider-man-homecoming-0-70-0-105-crop.jpg?v=61e8c57229
The Holdovers,2023,4.25,https://letterboxd.com/film/the-holdovers/,https://a.ltrbxd.com/resized/film-poster/7/5/5/5/6/4/755564-the-holdovers-0-70-0-105-crop.jpg?v=99bbdd8955
Requiem for a Dream,2000,4.10,https://letterboxd.com/film/requiem-for-a-dream/,https://a.ltrbxd.com/resized/sm/upload/lv/4b/f2/zj/muym4jTjdLx7E6as09d1wlC3sOB-0-70-0-105-crop.jpg?v=b4d5a4aa37
Drive,2011,3.91,https://letterboxd.com/film/drive-2011/,https://a.ltrbxd.com/resized/sm/upload/6d/6l/r3/e9/nu7XIa67cXc2t7frXCE5voXUJcN.jpg-0-70-0-105-crop.jpg?v=58a476ae28
Bullet Train,2022,3.60,https://letterboxd.com/film/bullet-train/,https://a.ltrbxd.com/resized/film-poster/6/4/1/9/6/1/641961-bullet-train-0-70-0-105-crop.jpg?v=9245faa1ba
Bugonia,2025,3.87,https://letterboxd.com/film/bugonia/,https://a.ltrbxd.com/resized/film-poster/6/2/5/4/0/0/625400-bugonia-0-70-0-105-crop.jpg?v=4c6649150e
Longlegs,2024,3.30,https://letterboxd.com/film/longlegs/,https://a.ltrbxd.com/resized/film-poster/1/1/1/0/0/5/9/1110059-longlegs-0-70-0-105-crop.jpg?v=9d77241a8c
Mad Max: Fury Road,2015,4.17,https://letterboxd.com/film/mad-max-fury-road/,https://s.ltrbxd.com/static/img/empty-poster-70-BSf-Pjrh.png
Top Gun: Maverick,2022,3.97,https://letterboxd.com/film/top-gun-maverick/,https://s.ltrbxd.com/static/img/empty-poster-70-BSf-Pjrh.png
Don't Look Up,2021,3.03,https://letterboxd.com/film/dont-look-up-2021/,https://a.ltrbxd.com/resized/film-poster/5/7/2/2/5/5/572255-don-t-look-up-0-70-0-105-crop.jpg?v=a58cc4aba2
The Lord of the Rings: The Return of the King,2003,4.54,https://letterboxd.com/film/the-lord-of-the-rings-the-return-of-the-king/,https://a.ltrbxd.com/resized/sm/upload/zs/nt/u4/uz/xieWkPAgQrrk5wOyncayPd65hrp-0-70-0-105-crop.jpg?v=4c89d05285
The Avengers,2012,3.72,https://letterboxd.com/film/the-avengers-2012/,https://a.ltrbxd.com/resized/film-poster/3/6/7/7/8/36778-the-avengers-2012-0-70-0-105-crop.jpg?v=d0e2add158
Guardians of the Galaxy Vol. 3,2023,3.97,https://letterboxd.com/film/guardians-of-the-galaxy-vol-3/,https://a.ltrbxd.com/resized/film-poster/3/7/9/7/1/1/379711-guardians-of-the-galaxy-volume-3-0-70-0-105-crop.jpg?v=bd023e472c
Twilight,2008,3.07,https://letterboxd.com/film/twilight-2008/,https://a.ltrbxd.com/resized/film-poster/4/7/4/6/9/47469-twilight-0-70-0-105-crop.jpg?v=f347bd6a28
Thunderbolts*,2025,3.57,https://letterboxd.com/film/thunderbolts/,https://a.ltrbxd.com/resized/film-poster/8/8/7/6/5/3/887653-thunderbolts-0-70-0-105-crop.jpg?v=80380bc773
Spider-Man,2002,3.85,https://letterboxd.com/film/spider-man/,https://a.ltrbxd.com/resized/film-poster/5/1/5/6/1/51561-spider-man-0-70-0-105-crop.jpg?v=a7394840f4
Superbad,2007,3.88,https://letterboxd.com/film/superbad/,https://a.ltrbxd.com/resized/film-poster/4/7/7/7/6/47776-superbad-0-70-0-105-crop.jpg?v=b43686efcb
2001: A Space Odyssey,1968,4.25,https://letterboxd.com/film/2001-a-space-odyssey/,https://a.ltrbxd.com/resized/film-poster/5/1/9/8/7/51987-2001-a-space-odyssey-0-70-0-105-crop.jpg?v=a69c46a272
Mamma Mia!,2008,3.85,https://letterboxd.com/film/mamma-mia/,https://a.ltrbxd.com/resized/sm/upload/10/5l/wu/jl/gOm2iMMbC6EonrFzmSQ8xvCa4Ei.jpg-0-70-0-105-crop.jpg?v=e49de6f770
Harry Potter and the Goblet of Fire,2005,3.88,https://letterboxd.com/film/harry-potter-and-the-goblet-of-fire/,https://s.ltrbxd.com/static/img/empty-poster-70-BSf-Pjrh.png
My Neighbor Totoro,1988,4.19,https://letterboxd.com/film/my-neighbor-totoro/,https://s.ltrbxd.com/static/img/empty-poster-70-BSf-Pjrh.png
Star Wars: Episode III – Revenge of the Sith,2005,4.04,https://letterboxd.com/film/star-wars-episode-iii-revenge-of-the-sith/,https://a.ltrbxd.com/resized/film-poster/5/0/7/0/9/50709-star-wars-episode-iii-revenge-of-the-sith-0-70-0-105-crop.jpg?v=cdb8caab10
Alien,1979,4.25,https://letterboxd.com/film/alien/,https://a.ltrbxd.com/resized/sm/upload/8v/f1/qw/aa/bg7K6VtUG7Ew70gQj6SSroD5d4R-0-70-0-105-crop.jpg?v=a932f9e98e
Brokeback Mountain,2005,4.15,https://letterboxd.com/film/brokeback-mountain/,https://a.ltrbxd.com/resized/film-poster/5/1/9/0/9/51909-brokeback-mountain-0-70-0-105-crop.jpg?v=40ad2b59a0
The Breakfast Club,1985,3.76,https://letterboxd.com/film/the-breakfast-club/,https://a.ltrbxd.com/resized/film-poster/5/0/5/1/8/50518-the-breakfast-club-0-70-0-105-crop.jpg?v=cce37bedf1
Before Sunrise,1995,4.30,https://letterboxd.com/film/before-sunrise/,https://a.ltrbxd.com/resized/film-poster/5/1/9/7/4/51974-before-sunrise-0-70-0-105-crop.jpg?v=006e8fedea
The Lighthouse,2019,4.01,https://letterboxd.com/film/the-lighthouse-2019/,https://a.ltrbxd.com/resized/film-poster/4/3/3/8/6/3/433863-the-lighthouse-0-70-0-105-crop.jpg?v=ee97005537
Gladiator,2000,4.17,https://letterboxd.com/film/gladiator-2000/,https://a.ltrbxd.com/resized/film-poster/5/1/9/5/2/51952-gladiator-2000-0-70-0-105-crop.jpg?v=0071a74571
Jurassic Park,1993,4.12,https://letterboxd.com/film/jurassic-park/,https://a.ltrbxd.com/resized/sm/upload/1g/zz/ez/d8/yyCKYaW908ZbpexpnBJ3p8o87HA-0-70-0-105-crop.jpg?v=19a50874d0
Anatomy of a Fall,2023,4.12,https://letterboxd.com/film/anatomy-of-a-fall/,https://a.ltrbxd.com/resized/film-poster/8/2/2/0/9/3/822093-anatomy-of-a-fall-0-70-0-105-crop.jpg?v=4efab8aedc
Beautiful Boy,2018,4.05,https://letterboxd.com/film/beautiful-boy-2018/,https://a.ltrbxd.com/resized/film-poster/3/8/4/0/5/8/384058-beautiful-boy-0-70-0-105-crop.jpg?v=f926f71a50
Harry Potter and the Chamber of Secrets,2002,3.63,https://letterboxd.com/film/harry-potter-and-the-chamber-of-secrets/,https://s.ltrbxd.com/static/img/empty-poster-70-BSf-Pjrh.png
The Lord of the Rings: The Two Towers,2002,4.43,https://letterboxd.com/film/the-lord-of-the-rings-the-two-towers/,https://s.ltrbxd.com/static/img/empty-poster-70-BSf-Pjrh.png
F1,2025,3.67,https://letterboxd.com/film/f1/,https://a.ltrbxd.com/resized/film-poster/8/1/7/9/7/7/817977-f1-the-movie-0-70-0-105-crop.jpg?v=f5ae2b99b9
The Empire Strikes Back,1980,4.40,https://letterboxd.com/film/the-empire-strikes-back/,https://a.ltrbxd.com/resized/sm/upload/mp/pz/lf/2i/7BuH8itoSrLExs2YZSsM01Qk2no-0-70-0-105-crop.jpg?v=27c6c6fba7
Zodiac,2007,4.02,https://letterboxd.com/film/zodiac/,https://a.ltrbxd.com/resized/sm/upload/58/tf/z6/gw/qKQIjErYaN149hZRP5Vgf8RoC7S-0-70-0-105-crop.jpg?v=72ee5db942
Tangled,2010,4.03,https://letterboxd.com/film/tangled-2010/,https://a.ltrbxd.com/resized/film-poster/2/5/8/5/9/25859-tangled-2010-0-70-0-105-crop.jpg?v=1c22f51536
The Hunger Games: Catching Fire,2013,3.93,https://letterboxd.com/film/the-hunger-games-catching-fire/,https://a.ltrbxd.com/resized/sm/upload/0a/6m/bl/rt/esWEsDI83IYqUBGSN69hb4A1Vfu-0-70-0-105-crop.jpg?v=a9ecd05d8f
Oldboy,2003,4.37,https://letterboxd.com/film/oldboy/,https://a.ltrbxd.com/resized/film-poster/5/1/4/5/4/51454-oldboy-0-70-0-105-crop.jpg?v=294dbcadef
X,2022,3.40,https://letterboxd.com/film/x-2022/,https://a.ltrbxd.com/resized/film-poster/6/8/0/3/5/8/680358-x-0-70-0-105-crop.jpg?v=8ba5e11abf
Iron Man,2008,3.77,https://letterboxd.com/film/iron-man-2008/,https://a.ltrbxd.com/resized/film-poster/5/0/8/2/5/50825-iron-man-0-70-0-105-crop.jpg?v=f03c15122c
Toy Story,1995,4.11,https://letterboxd.com/film/toy-story/,https://a.ltrbxd.com/resized/film-poster/5/1/2/9/0/51290-toy-story-0-70-0-105-crop.jpg?v=0ce275d722
KPop Demon Hunters,2025,3.57,https://letterboxd.com/film/kpop-demon-hunters/,https://a.ltrbxd.com/resized/film-poster/7/2/0/9/5/3/720953-kpop-demon-hunters-0-70-0-105-crop.jpg?v=10b7464274
Spider-Man: Far From Home,2019,3.39,https://letterboxd.com/film/spider-man-far-from-home/,https://s.ltrbxd.com/static/img/empty-poster-70-BSf-Pjrh.png
Lost in Translation,2003,3.77,https://letterboxd.com/film/lost-in-translation/,https://s.ltrbxd.com/static/img/empty-poster-70-BSf-Pjrh.png
The Prestige,2006,4.28,https://letterboxd.com/film/the-prestige/,https://a.ltrbxd.com/resized/film-poster/5/1/1/4/7/51147-the-prestige-0-70-0-105-crop.jpg?v=ad7e891177
The Incredibles,2004,4.07,https://letterboxd.com/film/the-incredibles/,https://a.ltrbxd.com/resized/film-poster/4/6/8/0/6/46806-the-incredibles-0-70-0-105-crop.jpg?v=dce597a185
Anyone But You,2023,2.82,https://letterboxd.com/film/anyone-but-you/,https://a.ltrbxd.com/resized/film-poster/9/6/6/9/9/0/966990-anyone-but-you-0-70-0-105-crop.jpg?v=62514c5b09
Bottoms,2023,3.80,https://letterboxd.com/film/bottoms/,https://a.ltrbxd.com/resized/film-poster/7/3/1/2/2/2/731222-bottoms-0-70-0-105-crop.jpg?v=11b87368c8
Mulholland Drive,2001,4.26,https://letterboxd.com/film/mulholland-drive/,https://a.ltrbxd.com/resized/sm/upload/kv/7n/p8/tv/fMC8JBWx2VjsJ53JopAcFjqmlYv-0-70-0-105-crop.jpg?v=3d69c00608
Moonlight,2016,4.20,https://letterboxd.com/film/moonlight-2016/,https://a.ltrbxd.com/resized/sm/upload/90/gn/c7/9k/qAwFbszz0kRyTuXmMeKQZCX3Q2O-0-70-0-105-crop.jpg?v=192bde15c6
Uncut Gems,2019,3.95,https://letterboxd.com/film/uncut-gems/,https://a.ltrbxd.com/resized/film-poster/4/0/4/2/6/6/404266-uncut-gems-0-70-0-105-crop.jpg?v=670cb7034d
"Monsters, Inc.",2001,4.08,https://letterboxd.com/film/monsters-inc/,https://a.ltrbxd.com/resized/sm/upload/r0/m8/t4/gs/7m1wKo1rM9QL5DMJCAs66bDQVYC-0-70-0-105-crop.jpg?v=7267a24218
Finding Nemo,2003,4.03,https://letterboxd.com/film/finding-nemo/,https://a.ltrbxd.com/resized/film-poster/2/7/0/5/2705-finding-nemo-0-70-0-105-crop.jpg?v=b329bc5740
12 Angry Men,1957,4.63,https://letterboxd.com/film/12-angry-men/,https://a.ltrbxd.com/resized/film-poster/5/1/7/0/0/51700-12-angry-men-0-70-0-105-crop.jpg?v=b8aaf291a9
Thor: Ragnarok,2017,3.70,https://letterboxd.com/film/thor-ragnarok/,https://s.ltrbxd.com/static/img/empty-poster-70-BSf-Pjrh.png
The Hunger Games: The Ballad of Songbirds & Snakes,2023,3.57,https://letterboxd.com/film/the-hunger-games-the-ballad-of-songbirds-snakes/,https://s.ltrbxd.com/static/img/empty-poster-70-BSf-Pjrh.png
1917,2019,4.12,https://letterboxd.com/film/1917/,https://a.ltrbxd.com/resized/film-poster/4/6/0/1/5/5/460155-1917-0-70-0-105-crop.jpg?v=9eb1d95df5
Spider-Man 2,2004,3.92,https://letterboxd.com/film/spider-man-2/,https://a.ltrbxd.com/resized/sm/upload/pq/mi/kb/ck/7JtMVM58MnzxWeyubzLpXBiVnDC-0-70-0-105-crop.jpg?v=c5f2675b28
Princess Mononoke,1997,4.39,https://letterboxd.com/film/princess-mononoke/,https://a.ltrbxd.com/resized/sm/upload/fu/5h/fp/mj/mNqZOtJIQfFQPjo3hmYLIn8Qqhf-0-70-0-105-crop.jpg?v=aae03975f7
Nightcrawler,2014,4.04,https://letterboxd.com/film/nightcrawler/,https://a.ltrbxd.com/resized/sm/upload/g7/2e/vi/vy/A9ANrAWlmIovxzjAIiOgseSLNc9-0-70-0-105-crop.jpg?v=6bcb14c88c
Harry Potter and the Deathly Hallows: Part 2,2011,4.02,https://letterboxd.com/film/harry-potter-and-the-deathly-hallows-part-2/,https://a.ltrbxd.com/resized/film-poster/4/4/5/8/0/44580-harry-potter-and-the-deathly-hallows-part-2-0-70-0-105-crop.jpg?v=66f3769773
Puss in Boots: The Last Wish,2022,4.13,https://letterboxd.com/film/puss-in-boots-the-last-wish/,https://a.ltrbxd.com/resized/film-poster/2/4/2/2/8/5/242285-puss-in-boots-the-last-wish-0-70-0-105-crop.jpg?v=9e9109c5cd
Eyes Wide Shut,1999,3.99,https://letterboxd.com/film/eyes-wide-shut/,https://a.ltrbxd.com/resized/film-poster/5/1/7/1/7/51717-eyes-wide-shut-0-70-0-105-crop.jpg?v=7010402aeb
Batman Begins,2005,3.83,https://letterboxd.com/film/batman-begins/,https://a.ltrbxd.com/resized/film-poster/5/1/7/8/4/51784-batman-begins-0-70-0-105-crop.jpg?v=f090edc352
Harry Potter and the Order of the Phoenix,2007,3.70,https://letterboxd.com/film/harry-potter-and-the-order-of-the-phoenix/,https://a.ltrbxd.com/resized/sm/upload/wd/w4/n0/yj/g6n8G0xPnBVUIKKK41sNmbZB5h4-0-70-0-105-crop.jpg?v=57af08b652
The Nightmare Before Christmas,1993,3.97,https://letterboxd.com/film/the-nightmare-before-christmas/,https://a.ltrbxd.com/resized/film-poster/4/7/1/1/9/47119-the-nightmare-before-christmas-0-70-0-105-crop.jpg?v=cc72c8b470
Clueless,1995,3.69,https://letterboxd.com/film/clueless/,https://s.ltrbxd.com/static/img/empty-poster-70-BSf-Pjrh.png
Amélie,2001,4.19,https://letterboxd.com/film/amelie/,https://s.ltrbxd.com/static/img/empty-poster-70-BSf-Pjrh.png
Doctor Strange in the Multiverse of Madness,2022,2.94,https://letterboxd.com/film/doctor-strange-in-the-multiverse-of-madness/,https://a.ltrbxd.com/resized/film-poster/3/8/5/5/1/1/385511-doctor-strange-in-the-multiverse-of-madness-0-70-0-105-crop.jpg?v=009a8981af
Perfect Blue,1997,4.38,https://letterboxd.com/film/perfect-blue/,https://a.ltrbxd.com/resized/film-poster/4/6/1/7/5/46175-perfect-blue-0-70-0-105-crop.jpg?v=1ed5878cce
Portrait of a Lady on Fire,2019,4.42,https://letterboxd.com/film/portrait-of-a-lady-on-fire/,https://a.ltrbxd.com/resized/film-poster/4/6/0/8/3/0/460830-portrait-of-a-lady-on-fire-0-70-0-105-crop.jpg?v=79b0f67aa9
Captain America: Civil War,2016,3.64,https://letterboxd.com/film/captain-america-civil-war/,https://a.ltrbxd.com/resized/film-poster/1/9/4/4/0/2/194402-captain-america-civil-war-0-70-0-105-crop.jpg?v=06d3eb3f8a
Dunkirk,2017,3.77,https://letterboxd.com/film/dunkirk-2017/,https://a.ltrbxd.com/resized/sm/upload/md/nb/pu/3i/bOXBV303Fgkzn2K4FeKDc0O31q4-0-70-0-105-crop.jpg?v=7307b1ff5b
Schindler's List,1993,4.54,https://letterboxd.com/film/schindlers-list/,https://a.ltrbxd.com/resized/sm/upload/bz/1x/em/jr/yPisjyLweCl1tbgwgtzBCNCBle-0-70-0-105-crop.jpg?v=ca5215c5a9
A Clockwork Orange,1971,4.11,https://letterboxd.com/film/a-clockwork-orange/,https://a.ltrbxd.com/resized/film-poster/5/1/8/6/7/51867-a-clockwork-orange-0-70-0-105-crop.jpg?v=d6d5407b50
Companion,2025,3.37,https://letterboxd.com/film/companion-2025/,https://a.ltrbxd.com/resized/film-poster/9/7/7/1/7/2/977172-companion-2025-0-70-0-105-crop.jpg?v=66c5c946ec
About Time,2013,4.07,https://letterboxd.com/film/about-time/,https://a.ltrbxd.com/resized/sm/upload/uo/th/yf/uz/zSuh8dGwqpsWR7ccvYbfxbSZ37o-0-70-0-105-crop.jpg?v=7276b6e978
Jaws,1975,3.93,https://letterboxd.com/film/jaws/,https://a.ltrbxd.com/resized/film-poster/5/1/5/4/2/51542-jaws-0-70-0-105-crop.jpg?v=03299455f6
The Dark Knight Rises,2012,3.80,https://letterboxd.com/film/the-dark-knight-rises/,https://s.ltrbxd.com/static/img/empty-poster-70-BSf-Pjrh.png
Tenet,2020,3.43,https://letterboxd.com/film/tenet/,https://s.ltrbxd.com/static/img/empty-poster-70-BSf-Pjrh.png
Psycho,1960,4.31,https://letterboxd.com/film/psycho/,https://a.ltrbxd.com/resized/film-poster/5/1/5/7/8/51578-psycho-0-70-0-105-crop.jpg?v=7250c49dcd
Scarface,1983,4.14,https://letterboxd.com/film/scarface-1983/,https://a.ltrbxd.com/resized/film-poster/5/1/9/3/9/51939-scarface-0-70-0-105-crop.jpg?v=e64e66a6b8
Guardians of the Galaxy Vol. 2,2017,3.57,https://letterboxd.com/film/guardians-of-the-galaxy-vol-2/,https://a.ltrbxd.com/resized/sm/upload/1g/4f/6e/5b/prvWMj8cBFgVn5MLlsjlvH2hiIh-0-70-0-105-crop.jpg?v=edbe39cfb9
Shrek 2,2004,4.11,https://letterboxd.com/film/shrek-2/,https://a.ltrbxd.com/resized/sm/upload/g4/4m/0c/6s/rD8SvOTCCJ2VIpIV7GUwUKD1Kzc-0-70-0-105-crop.jpg?v=e780d1b7d3
The Virgin Suicides,1999,3.85,https://letterboxd.com/film/the-virgin-suicides/,https://a.ltrbxd.com/resized/film-poster/5/1/0/2/4/51024-the-virgin-suicides-0-70-0-105-crop.jpg?v=b869f3409a
"Girl, Interrupted",1999,3.95,https://letterboxd.com/film/girl-interrupted/,https://a.ltrbxd.com/resized/sm/upload/1x/ad/d5/5d/vp46lgVDiFdT4Hw5WIISOPwnMaH-0-70-0-105-crop.jpg?v=d07803f1c3
Bones and All,2022,3.73,https://letterboxd.com/film/bones-and-all/,https://a.ltrbxd.com/resized/sm/upload/xi/cb/mo/xg/bones2-0-70-0-105-crop.jpg?v=bdb6694df9
Juno,2007,3.75,https://letterboxd.com/film/juno/,https://a.ltrbxd.com/resized/film-poster/4/8/0/5/1/48051-juno-0-70-0-105-crop.jpg?v=19ad3fb7e5
There Will Be Blood,2007,4.46,https://letterboxd.com/film/there-will-be-blood/,https://a.ltrbxd.com/resized/sm/upload/jg/cd/7y/f5/there%20will%20be%20blood-0-70-0-105-crop.jpg?v=8a533d5350
Corpse Bride,2005,3.91,https://letterboxd.com/film/corpse-bride/,https://a.ltrbxd.com/resized/sm/upload/v1/h6/lc/lu/o9GbcdP7rOg2m1NyUnUR3ZwNcTE-0-70-0-105-crop.jpg?v=1ee3b92ded
Reservoir Dogs,1992,4.14,https://letterboxd.com/film/reservoir-dogs/,https://s.ltrbxd.com/static/img/empty-poster-70-BSf-Pjrh.png
Harry Potter and the Half-Blood Prince,2009,3.73,https://letterboxd.com/film/harry-potter-and-the-half-blood-prince/,https://s.ltrbxd.com/static/img/empty-poster-70-BSf-Pjrh.png
A Quiet Place,2018,3.64,https://letterboxd.com/film/a-quiet-place-2018/,https://a.ltrbxd.com/resized/film-poster/3/7/9/6/8/7/379687-a-quiet-place-0-70-0-105-crop.jpg?v=895e756ae7
The Lion King,1994,4.23,https://letterboxd.com/film/the-lion-king/,https://a.ltrbxd.com/resized/film-poster/4/7/6/7/7/47677-the-lion-king-0-70-0-105-crop.jpg?v=01b591f966
Edward Scissorhands,1990,3.90,https://letterboxd.com/film/edward-scissorhands/,https://a.ltrbxd.com/resized/film-poster/5/1/8/8/9/51889-edward-scissorhands-0-70-0-105-crop.jpg?v=38f2599419
Kill Bill: Vol. 2,2004,4.10,https://letterboxd.com/film/kill-bill-vol-2/,https://a.ltrbxd.com/resized/sm/upload/ka/7q/dh/8m/bxbX4sHZHcy81dnNs4VAVs7HXDL-0-70-0-105-crop.jpg?v=52e9a07730
Wonka,2023,3.16,https://letterboxd.com/film/wonka/,https://a.ltrbxd.com/resized/film-poster/7/0/6/0/8/3/706083-wonka-0-70-0-105-crop.jpg?v=d4bd6afd7f
Pirates of the Caribbean: The Curse of the Black Pearl,2003,3.99,https://letterboxd.com/film/pirates-of-the-caribbean-the-curse-of-the-black-pearl/,https://a.ltrbxd.com/resized/film-poster/2/6/9/5/2695-pirates-of-the-caribbean-the-curse-of-the-black-pearl-0-70-0-105-crop.jpg?v=272b36c0d8
Hamnet,2025,4.21,https://letterboxd.com/film/hamnet/,https://a.ltrbxd.com/resized/film-poster/7/7/2/2/3/2/772232-hamnet-0-70-0-105-crop.jpg?v=631489314d
John Wick,2014,3.83,https://letterboxd.com/film/john-wick/,https://a.ltrbxd.com/resized/film-poster/1/7/2/0/7/6/172076-john-wick-0-70-0-105-crop.jpg?v=e3c8c69b11
Blade Runner,1982,4.10,https://letterboxd.com/film/blade-runner/,https://a.ltrbxd.com/resized/sm/upload/85/io/38/dz/vfzE3pjE5G7G7kcZWrA3fnbZo7V-0-70-0-105-crop.jpg?v=0d5de70f0d
Harry Potter and the Deathly Hallows: Part 1,2010,3.73,https://letterboxd.com/film/harry-potter-and-the-deathly-hallows-part-1/,https://a.ltrbxd.com/resized/sm/upload/u8/tj/88/3v/harry-potter-and-the-deathly-hallows-part-i-original-0-70-0-105-crop.jpg?v=a31050208d
Barbarian,2022,3.44,https://letterboxd.com/film/barbarian-2022/,https://s.ltrbxd.com/static/img/empty-poster-70-BSf-Pjrh.png
Legally Blonde,2001,3.83,https://letterboxd.com/film/legally-blonde/,https://s.ltrbxd.com/static/img/empty-poster-70-BSf-Pjrh.png
Captain America: The Winter Soldier,2014,3.75,https://letterboxd.com/film/captain-america-the-winter-soldier/,https://a.ltrbxd.com/resized/sm/upload/he/p6/cc/lg/zt6b493XEL2OQ1bCSKccZ7V0iRY-0-70-0-105-crop.jpg?v=6296209106
Zootopia,2016,3.76,https://letterboxd.com/film/zootopia/,https://a.ltrbxd.com/resized/film-poster/1/9/2/4/1/0/192410-zootopia-0-70-0-105-crop.jpg?v=e22eae9a2a
The Departed,2006,4.34,https://letterboxd.com/film/the-departed/,https://a.ltrbxd.com/resized/sm/upload/jr/th/pu/pb/laefkgrfa3oKwvBtWTBtf2suiI4-0-70-0-105-crop.jpg?v=f5d8231026
Materialists,2025,2.91,https://letterboxd.com/film/materialists/,https://a.ltrbxd.com/resized/film-poster/1/0/2/4/5/6/2/1024562-materialists-0-70-0-105-crop.jpg?v=ae3470f333
The Witch,2015,3.82,https://letterboxd.com/film/the-witch-2015/,https://a.ltrbxd.com/resized/sm/upload/y2/i8/9s/h1/tNr2KYytArZNSh0K8PUcHU3JnX4-0-70-0-105-crop.jpg?v=45f739a242
A Minecraft Movie,2025,2.45,https://letterboxd.com/film/a-minecraft-movie/,https://a.ltrbxd.com/resized/film-poster/8/5/4/6/9/1/854691-a-minecraft-movie-0-70-0-105-crop.jpg?v=074e7fed9e
Star Wars: Episode I – The Phantom Menace,1999,3.10,https://letterboxd.com/film/star-wars-episode-i-the-phantom-menace/,https://a.ltrbxd.com/resized/film-poster/5/0/7/1/1/50711-star-wars-episode-i-the-phantom-menace-0-70-0-105-crop.jpg?v=cdb8caab10
Killers of the Flower Moon,2023,4.02,https://letterboxd.com/film/killers-of-the-flower-moon/,https://a.ltrbxd.com/resized/film-poster/3/9/8/0/0/9/398009-killers-of-the-flower-moon-0-70-0-105-crop.jpg?v=49b577149d
When Harry Met Sally...,1989,4.07,https://letterboxd.com/film/when-harry-met-sally/,https://a.ltrbxd.com/resized/film-poster/5/1/4/8/5/51485-when-harry-met-sally--0-70-0-105-crop.jpg?v=2f277e2fe7
The Thing,1982,4.35,https://letterboxd.com/film/the-thing/,https://a.ltrbxd.com/resized/sm/upload/t3/qn/vs/p5/s5fH3GqFcHbi2F0NSBSh4KRNTc0-0-70-0-105-crop.jpg?v=01880125bb
Jennifer's Body,2009,3.45,https://letterboxd.com/film/jennifers-body/,https://s.ltrbxd.com/static/img/empty-poster-70-BSf-Pjrh.png
The Wild Robot,2024,4.21,https://letterboxd.com/film/the-wild-robot/,https://s.ltrbxd.com/static/img/empty-poster-70-BSf-Pjrh.png
The Conjuring,2013,3.61,https://letterboxd.com/film/the-conjuring/,https://a.ltrbxd.com/resized/film-poster/1/0/6/2/6/2/106262-the-conjuring-0-70-0-105-crop.jpg?v=8cbb976912
13 Going on 30,2004,3.63,https://letterboxd.com/film/13-going-on-30-3/,https://a.ltrbxd.com/resized/sm/upload/um/45/8m/or/t0c3qxcKSaO4iBYVAzIeyPbC8I1-0-70-0-105-crop.jpg?v=72ab2e2ec7
Avatar: Fire and Ash,2025,3.56,https://letterboxd.com/film/avatar-fire-and-ash/,https://a.ltrbxd.com/resized/film-poster/7/0/0/0/7/70007-avatar-fire-and-ash-0-70-0-105-crop.jpg?v=5d2f8b35b1
Doctor Strange,2016,3.48,https://letterboxd.com/film/doctor-strange-2016/,https://a.ltrbxd.com/resized/film-poster/2/0/9/3/8/1/209381-doctor-strange-0-70-0-105-crop.jpg?v=1466da225d
The Godfather Part II,1974,4.59,https://letterboxd.com/film/the-godfather-part-ii/,https://a.ltrbxd.com/resized/film-poster/5/1/8/1/6/51816-the-godfather-part-ii-0-70-0-105-crop.jpg?v=6a49853f25
How to Train Your Dragon,2010,4.14,https://letterboxd.com/film/how-to-train-your-dragon/,https://a.ltrbxd.com/resized/sm/upload/0r/r7/c6/7e/hIXX3IRFy0InUOmYeWjvhCAgQNj-0-70-0-105-crop.jpg?v=d158027eb4
Return of the Jedi,1983,4.09,https://letterboxd.com/film/return-of-the-jedi/,https://a.ltrbxd.com/resized/sm/upload/88/lu/ak/8v/5wDrNqePjb5SOucrWQwiFu340vv-0-70-0-105-crop.jpg?v=acc9d9c27b
The Hangover,2009,3.72,https://letterboxd.com/film/the-hangover/,https://a.ltrbxd.com/resized/film-poster/4/0/1/0/0/40100-the-hangover-0-70-0-105-crop.jpg?v=6464871bf5
The Amazing Spider-Man,2012,3.50,https://letterboxd.com/film/the-amazing-spider-man/,https://a.ltrbxd.com/resized/film-poster/5/0/6/7/7/50677-the-amazing-spider-man-0-70-0-105-crop.jpg?v=2e109aabed
The Boy and the Heron,2023,3.91,https://letterboxd.com/film/the-boy-and-the-heron/,https://a.ltrbxd.com/resized/film-poster/4/3/8/6/9/2/438692-the-boy-and-the-heron-0-70-0-105-crop.jpg?v=521e114164
Split,2016,3.51,https://letterboxd.com/film/split-2016/,https://s.ltrbxd.com/static/img/empty-poster-70-BSf-Pjrh.png
Priscilla,2023,3.52,https://letterboxd.com/film/priscilla/,https://s.ltrbxd.com/static/img/empty-poster-70-BSf-Pjrh.png
Fargo,1996,4.16,https://letterboxd.com/film/fargo/,https://a.ltrbxd.com/resized/film-poster/5/1/7/8/1/51781-fargo-0-70-0-105-crop.jpg?v=44835e3b35
Beetlejuice,1988,3.73,https://letterboxd.com/film/beetlejuice/,https://a.ltrbxd.com/resized/sm/upload/rs/wk/3i/nt/gWnW7vxm8yr01TVLQhL4aI02orp-0-70-0-105-crop.jpg?v=f8250fbc59
28 Days Later,2002,3.72,https://letterboxd.com/film/28-days-later/,https://a.ltrbxd.com/resized/sm/upload/qr/28/nz/3f/xaYdxi1PBEAYvqknvAmMPK5Eff3-0-70-0-105-crop.jpg?v=22d7237ed9
Notting Hill,1999,3.67,https://letterboxd.com/film/notting-hill/,https://a.ltrbxd.com/resized/sm/upload/pa/ej/k3/ft/notting-hill-0-70-0-105-crop.jpg?v=a589bf6ce2
Avengers: Age of Ultron,2015,3.23,https://letterboxd.com/film/avengers-age-of-ultron/,https://a.ltrbxd.com/resized/film-poster/8/1/6/0/5/81605-avengers-age-of-ultron-0-70-0-105-crop.jpg?v=d315efaff1
Gladiator II,2024,3.24,https://letterboxd.com/film/gladiator-ii/,https://a.ltrbxd.com/resized/film-poster/4/8/6/9/7/8/486978-gladiator-ii-0-70-0-105-crop.jpg?v=0fb2edf525
Babylon,2022,3.86,https://letterboxd.com/film/babylon-2022/,https://a.ltrbxd.com/resized/film-poster/5/4/2/7/7/3/542773-babylon-0-70-0-105-crop.jpg?v=aab2f01937
The Super Mario Bros. Movie,2023,3.21,https://letterboxd.com/film/the-super-mario-bros-movie/,https://a.ltrbxd.com/resized/film-poster/4/3/2/3/0/2/432302-the-super-mario-bros-movie-0-70-0-105-crop.jpg?v=d7dd92386e
28 Years Later,2025,3.44,https://letterboxd.com/film/28-years-later/,https://a.ltrbxd.com/resized/film-poster/9/9/2/7/8/6/992786-28-years-later-0-70-0-105-crop.jpg?v=014e09c066
In the Mood for Love,2000,4.38,https://letterboxd.com/film/in-the-mood-for-love/,https://a.ltrbxd.com/resized/sm/upload/g1/7l/2j/qk/tSRdvZY1waXrTeMqeLBmq9IRs08-0-70-0-105-crop.jpg?v=938633fc19
The Banshees of Inisherin,2022,4.11,https://letterboxd.com/film/the-banshees-of-inisherin/,https://s.ltrbxd.com/static/img/empty-poster-70-BSf-Pjrh.png
Bohemian Rhapsody,2018,3.50,https://letterboxd.com/film/bohemian-rhapsody/,https://s.ltrbxd.com/static/img/empty-poster-70-BSf-Pjrh.png
Heretic,2024,3.32,https://letterboxd.com/film/heretic-2024/,https://a.ltrbxd.com/resized/film-poster/1/0/2/5/3/3/1/1025331-heretic-2024-0-70-0-105-crop.jpg?v=c79c5c8121
Talk to Me,2022,3.48,https://letterboxd.com/film/talk-to-me-2022/,https://a.ltrbxd.com/resized/film-poster/9/0/8/1/4/4/908144-talk-to-me-0-70-0-105-crop.jpg?v=bf6a2b65cc
Five Nights at Freddy's,2023,2.57,https://letterboxd.com/film/five-nights-at-freddys/,https://a.ltrbxd.com/resized/film-poster/4/3/6/9/4/8/436948-five-nights-at-freddy-s-0-70-0-105-crop.jpg?v=6ff52485a8
The Pianist,2002,4.40,https://letterboxd.com/film/the-pianist/,https://a.ltrbxd.com/resized/film-poster/5/1/6/7/2/51672-the-pianist-0-70-0-105-crop.jpg?v=3eee5ac018
We Live in Time,2024,3.66,https://letterboxd.com/film/we-live-in-time/,https://a.ltrbxd.com/resized/film-poster/9/9/1/7/8/6/991786-we-live-in-time-0-70-0-105-crop.jpg?v=14245ba118
Wicked: For Good,2025,3.43,https://letterboxd.com/film/wicked-for-good/,https://a.ltrbxd.com/resized/film-poster/8/7/1/1/4/8/871148-wicked-for-good-0-70-0-105-crop.jpg?v=f1330d6f91
Grave of the Fireflies,1988,4.48,https://letterboxd.com/film/grave-of-the-fireflies/,https://a.ltrbxd.com/resized/film-poster/4/4/5/5/8/44558-grave-of-the-fireflies-0-70-0-105-crop.jpg?v=0c61fd55f0
Cars,2006,3.88,https://letterboxd.com/film/cars/,https://a.ltrbxd.com/resized/sm/upload/de/kp/63/hd/dWg33ektXuHmxjSjEulwDPTWbC2-0-70-0-105-crop.jpg?v=df40f228cb
Flow,2024,4.09,https://letterboxd.com/film/flow-2024/,https://a.ltrbxd.com/resized/film-poster/7/3/9/4/5/1/739451-flow-2024-0-70-0-105-crop.jpg?v=d664eca804
Star Wars: The Force Awakens,2015,3.24,https://letterboxd.com/film/star-wars-the-force-awakens/,https://a.ltrbxd.com/resized/sm/upload/t1/n6/d1/k6/g2mqdMU3jaz6uEosF5aqJgbw7e9-0-70-0-105-crop.jpg?v=f105fa4be0
Trainspotting,1996,4.22,https://letterboxd.com/film/trainspotting/,https://s.ltrbxd.com/static/img/empty-poster-70-BSf-Pjrh.png
Marriage Story,2019,4.01,https://letterboxd.com/film/marriage-story-2019/,https://s.ltrbxd.com/static/img/empty-poster-70-BSf-Pjrh.png
City of God,2002,4.56,https://letterboxd.com/film/city-of-god/,https://a.ltrbxd.com/resized/film-poster/5/1/5/2/3/51523-city-of-god-0-70-0-105-crop.jpg?v=7517ea94ce
Your Name.,2016,4.23,https://letterboxd.com/film/your-name/,https://a.ltrbxd.com/resized/sm/upload/md/ku/l7/m5/xq1Ugd62d23K2knRUx6xxuALTZB-0-70-0-105-crop.jpg?v=443be7928f
The Martian,2015,3.79,https://letterboxd.com/film/the-martian/,https://a.ltrbxd.com/resized/film-poster/2/1/1/5/1/1/211511-the-martian-0-70-0-105-crop.jpg?v=71ca0c832e
Saving Private Ryan,1998,4.25,https://letterboxd.com/film/saving-private-ryan/,https://a.ltrbxd.com/resized/sm/upload/hz/fu/r7/y7/35CMz4t7PuUiQqt5h4u5nbrXZlF-0-70-0-105-crop.jpg?v=3a667509e0
Asteroid City,2023,3.47,https://letterboxd.com/film/asteroid-city/,https://a.ltrbxd.com/resized/film-poster/6/6/8/5/5/5/668555-asteroid-city-0-70-0-105-crop.jpg?v=700bea7fd5
A Real Pain,2024,3.72,https://letterboxd.com/film/a-real-pain/,https://a.ltrbxd.com/resized/film-poster/9/1/3/2/5/8/913258-a-real-pain-0-70-0-105-crop.jpg?v=893a943872
La Haine,1995,4.50,https://letterboxd.com/film/la-haine/,https://a.ltrbxd.com/resized/film-poster/5/1/6/8/4/51684-la-haine-0-70-0-105-crop.jpg?v=b6677cc136
The Lobster,2015,3.75,https://letterboxd.com/film/the-lobster/,https://a.ltrbxd.com/resized/film-poster/1/7/8/1/2/3/178123-the-lobster-0-70-0-105-crop.jpg?v=1de42bb7a6
Star Wars: Episode II – Attack of the Clones,2002,3.07,https://letterboxd.com/film/star-wars-episode-ii-attack-of-the-clones/,https://a.ltrbxd.com/resized/film-poster/5/0/7/1/0/50710-star-wars-episode-ii-attack-of-the-clones-0-70-0-105-crop.jpg?v=cdb8caab10
Captain America: The First Avenger,2011,3.34,https://letterboxd.com/film/captain-america-the-first-avenger/,https://a.ltrbxd.com/resized/film-poster/5/0/8/0/9/50809-captain-america-the-first-avenger-0-70-0-105-crop.jpg?v=5a0d520040
"Crazy, Stupid, Love.",2011,3.71,https://letterboxd.com/film/crazy-stupid-love/,https://s.ltrbxd.com/static/img/empty-poster-70-BSf-Pjrh.png
The Sixth Sense,1999,4.09,https://letterboxd.com/film/the-sixth-sense/,https://s.ltrbxd.com/static/img/empty-poster-70-BSf-Pjrh.png
